db,query,domain,kingdom,phylum,subphylum,class,subclass,ord,subord,family,subfamily,tribe,genus,species,subspecies
ncbi,Diptera,NA,Metazoa,Arthropoda,Hexapoda,Insecta,Pterygota,NA,NA,NA,NA,NA,NA,NA,NA
ncbi,Brachycera,NA,Metazoa,Arthropoda,Hexapoda,Insecta,Pterygota,NA,NA,NA,NA,NA,NA,NA,NA
ncbi,aff. Drosophilidae,NA,NA,NA,NA,NA,NA,NA,NA,NA,NA,NA,NA,NA,NA
ncbi,Olbiogaster,NA,Metazoa,Arthropoda,Hexapoda,Insecta,Pterygota,NA,NA,Anisopodidae,Anisopodinae,NA,Olbiogaster,NA,NA
ncbi,Anisopodidae,NA,Metazoa,Arthropoda,Hexapoda,Insecta,Pterygota,NA,NA,Anisopodidae,NA,NA,NA,NA,NA
ncbi,Axymyiidae,NA,Metazoa,Arthropoda,Hexapoda,Insecta,Pterygota,NA,NA,Axymyiidae,NA,NA,NA,NA,NA
ncbi,Canacidae,NA,Metazoa,Arthropoda,Hexapoda,Insecta,Pterygota,NA,NA,Canacidae,NA,NA,NA,NA,NA
ncbi,Cecidomyiidae,NA,Metazoa,Arthropoda,Hexapoda,Insecta,Pterygota,NA,NA,Cecidomyiidae,NA,NA,NA,NA,NA
ncbi,Atrichopogon,NA,Metazoa,Arthropoda,Hexapoda,Insecta,Pterygota,NA,NA,Ceratopogonidae,Forcipomyiinae,NA,Atrichopogon,NA,NA
ncbi,Culicoides,NA,Metazoa,Arthropoda,Hexapoda,Insecta,Pterygota,NA,NA,Ceratopogonidae,Ceratopogoninae,Culicoidini,Culicoides,NA,NA
ncbi,Forcipomyia,NA,Metazoa,Arthropoda,Hexapoda,Insecta,Pterygota,NA,NA,Ceratopogonidae,Forcipomyiinae,NA,Forcipomyia,NA,NA
ncbi,Stilobezzia,NA,Metazoa,Arthropoda,Hexapoda,Insecta,Pterygota,NA,NA,Ceratopogonidae,Ceratopogoninae,Stilobezziini,Stilobezzia,NA,NA
ncbi,Bezzia,NA,Metazoa,Arthropoda,Hexapoda,Insecta,Pterygota,NA,NA,Ceratopogonidae,Ceratopogoninae,Palpomyiini,Bezzia,NA,NA
ncbi,Sphaeromias,NA,Metazoa,Arthropoda,Hexapoda,Insecta,Pterygota,NA,NA,Ceratopogonidae,Ceratopogoninae,Sphaeromiini,Sphaeromias,NA,NA
ncbi,Ceratopogonidae,NA,Metazoa,Arthropoda,Hexapoda,Insecta,Pterygota,NA,NA,Ceratopogonidae,NA,NA,NA,NA,NA
ncbi,Coleoptera,NA,Metazoa,Arthropoda,Hexapoda,Insecta,Pterygota,NA,NA,NA,NA,NA,NA,NA,NA
ncbi,Forcipomyiinae,NA,Metazoa,Arthropoda,Hexapoda,Insecta,Pterygota,NA,NA,Ceratopogonidae,Forcipomyiinae,NA,NA,NA,NA
ncbi,Ceratopogoninae,NA,Metazoa,Arthropoda,Hexapoda,Insecta,Pterygota,NA,NA,Ceratopogonidae,Ceratopogoninae,NA,NA,NA,NA
ncbi,Leptoconopinae,NA,Metazoa,Arthropoda,Hexapoda,Insecta,Pterygota,NA,NA,Ceratopogonidae,Leptoconopinae,NA,NA,NA,NA
ncbi,Chironomus,NA,Metazoa,Arthropoda,Hexapoda,Insecta,Pterygota,NA,NA,Chironomidae,Chironominae,Chironomini,Chironomus,NA,NA
ncbi,Corynoneura,NA,Metazoa,Arthropoda,Hexapoda,Insecta,Pterygota,NA,NA,Chironomidae,Orthocladiinae,NA,Corynoneura,NA,NA
ncbi,Gravatamberus,NA,NA,NA,NA,NA,NA,NA,NA,NA,NA,NA,NA,NA,NA
ncbi,Limnophyes,NA,Metazoa,Arthropoda,Hexapoda,Insecta,Pterygota,NA,NA,Chironomidae,Orthocladiinae,NA,Limnophyes,NA,NA
ncbi,Phytotelmatocladius_delarosai,NA,NA,NA,NA,NA,NA,NA,NA,NA,NA,NA,NA,NA,NA
ncbi,Polypedilum,NA,Metazoa,Arthropoda,Hexapoda,Insecta,Pterygota,NA,NA,Chironomidae,Chironominae,Chironomini,Polypedilum,NA,NA
ncbi,Chironomidae,NA,Metazoa,Arthropoda,Hexapoda,Insecta,Pterygota,NA,NA,Chironomidae,NA,NA,NA,NA,NA
ncbi,Orthocladiinae,NA,Metazoa,Arthropoda,Hexapoda,Insecta,Pterygota,NA,NA,Chironomidae,Orthocladiinae,NA,NA,NA,NA
ncbi,Harnischia,NA,Metazoa,Arthropoda,Hexapoda,Insecta,Pterygota,NA,NA,Chironomidae,Chironominae,Chironomini,Harnischia,NA,NA
ncbi,Larsia,NA,Metazoa,Arthropoda,Hexapoda,Insecta,Pterygota,NA,NA,Chironomidae,Tanypodinae,Pentaneurini,Larsia,NA,NA
ncbi,Tanytarsus,NA,Metazoa,Arthropoda,Hexapoda,Insecta,Pterygota,NA,NA,Chironomidae,Chironominae,Tanytarsini,Tanytarsus,NA,NA
ncbi,Tanypodinae,NA,Metazoa,Arthropoda,Hexapoda,Insecta,Pterygota,NA,NA,Chironomidae,Tanypodinae,NA,NA,NA,NA
ncbi,Monopelopia,NA,Metazoa,Arthropoda,Hexapoda,Insecta,Pterygota,NA,NA,Chironomidae,Tanypodinae,Pentaneurini,Monopelopia,NA,NA
ncbi,Polypedilum_marcondesi,NA,NA,NA,NA,NA,NA,NA,NA,NA,NA,NA,NA,NA,NA
ncbi,Polypedilum_kaingang,NA,NA,NA,NA,NA,NA,NA,NA,NA,NA,NA,NA,NA,NA
ncbi,Stenochironomus_atlanticus,NA,NA,NA,NA,NA,NA,NA,NA,NA,NA,NA,NA,NA,NA
ncbi,Metriocnemus,NA,Metazoa,Arthropoda,Hexapoda,Insecta,Pterygota,NA,NA,Chironomidae,Orthocladiinae,NA,Metriocnemus,NA,NA
ncbi,Rheocricotopus,NA,Metazoa,Arthropoda,Hexapoda,Insecta,Pterygota,NA,NA,Chironomidae,Orthocladiinae,NA,Rheocricotopus,NA,NA
ncbi,Chironominae,NA,Metazoa,Arthropoda,Hexapoda,Insecta,Pterygota,NA,NA,Chironomidae,Chironominae,NA,NA,NA,NA
ncbi,Sciaridae,NA,Metazoa,Arthropoda,Hexapoda,Insecta,Pterygota,NA,NA,Sciaridae,NA,NA,NA,NA,NA
ncbi,Polyphaga,NA,Metazoa,Arthropoda,Hexapoda,Insecta,Pterygota,NA,NA,NA,NA,NA,NA,NA,NA
ncbi,Dytiscidae,NA,Metazoa,Arthropoda,Hexapoda,Insecta,Pterygota,NA,NA,Dytiscidae,NA,NA,NA,NA,NA
ncbi,Copelatus_bimaculatus,NA,Metazoa,Arthropoda,Hexapoda,Insecta,Pterygota,NA,NA,Dytiscidae,Copelatinae,NA,Papuadytes,Papuadytes bimaculatus,NA
ncbi,Eukiefferiella,NA,Metazoa,Arthropoda,Hexapoda,Insecta,Pterygota,NA,NA,Chironomidae,Orthocladiinae,NA,Eukiefferiella,NA,NA
ncbi,Smittia,NA,Metazoa,Arthropoda,Hexapoda,Insecta,Pterygota,NA,NA,Chironomidae,Orthocladiinae,NA,Smittia,NA,NA
ncbi,Boreochlus,NA,Metazoa,Arthropoda,Hexapoda,Insecta,Pterygota,NA,NA,Chironomidae,Podonominae,NA,Boreochlus,NA,NA
ncbi,Paratanytarsus,NA,Metazoa,Arthropoda,Hexapoda,Insecta,Pterygota,NA,NA,Chironomidae,Chironominae,Tanytarsini,Paratanytarsus,NA,NA
ncbi,Stempellinella,NA,Metazoa,Arthropoda,Hexapoda,Insecta,Pterygota,NA,NA,Chironomidae,Chironominae,Tanytarsini,Stempellinella,NA,NA
ncbi,Tanytarsus_bromelicola,NA,NA,NA,NA,NA,NA,NA,NA,NA,NA,NA,NA,NA,NA
ncbi,Corethrella_fulva,NA,NA,NA,NA,NA,NA,NA,NA,NA,NA,NA,NA,NA,NA
ncbi,Corethrella,NA,Metazoa,Arthropoda,Hexapoda,Insecta,Pterygota,NA,NA,Chaoboridae,Corethrellinae,NA,Corethrella,NA,NA
ncbi,Corethrella_infuscata,NA,NA,NA,NA,NA,NA,NA,NA,NA,NA,NA,NA,NA,NA
ncbi,Celina,NA,Metazoa,Arthropoda,Hexapoda,Insecta,Pterygota,NA,NA,Dytiscidae,Hydroporinae,Methlini,Celina,NA,NA
ncbi,Corethrellidae,NA,NA,NA,NA,NA,NA,NA,NA,NA,NA,NA,NA,NA,NA
ncbi,Corethrella_belkini,NA,NA,NA,NA,NA,NA,NA,NA,NA,NA,NA,NA,NA,NA
ncbi,Anopheles_cruzzi,NA,NA,NA,NA,NA,NA,NA,NA,NA,NA,NA,NA,NA,NA
ncbi,Anopheles_homunculus,NA,Metazoa,Arthropoda,Hexapoda,Insecta,Pterygota,NA,NA,Culicidae,Anophelinae,NA,Anopheles,Anopheles homunculus,NA
ncbi,Culex_imitator,NA,Metazoa,Arthropoda,Hexapoda,Insecta,Pterygota,NA,NA,Culicidae,Culicinae,Culicini,Culex,Culex imitator,NA
ncbi,Culex_albipes,NA,NA,NA,NA,NA,NA,NA,NA,NA,NA,NA,NA,NA,NA
ncbi,Culex_aphylactus,NA,NA,NA,NA,NA,NA,NA,NA,NA,NA,NA,NA,NA,NA
ncbi,Culex_inimitabilis,NA,NA,NA,NA,NA,NA,NA,NA,NA,NA,NA,NA,NA,NA
ncbi,Culex,NA,Metazoa,Arthropoda,Hexapoda,Insecta,Pterygota,NA,NA,Culicidae,Culicinae,Culicini,Culex,NA,NA
ncbi,Culex_stonei,NA,Metazoa,Arthropoda,Hexapoda,Insecta,Pterygota,NA,NA,Culicidae,Culicinae,Culicini,Culex,Culex stonei,NA
ncbi,Toxorhynchites_solstitiales,NA,NA,NA,NA,NA,NA,NA,NA,NA,NA,NA,NA,NA,NA
ncbi,Toxorhynchites,NA,Metazoa,Arthropoda,Hexapoda,Insecta,Pterygota,NA,NA,Culicidae,Toxorhynchitinae,NA,Toxorhynchites,NA,NA
ncbi,Wyeomyia,NA,Metazoa,Arthropoda,Hexapoda,Insecta,Pterygota,NA,NA,Culicidae,Culicinae,Sabethini,Wyeomyia,NA,NA
ncbi,Wyeomyia_palmata,NA,NA,NA,NA,NA,NA,NA,NA,NA,NA,NA,NA,NA,NA
ncbi,Culex_shopei,NA,NA,NA,NA,NA,NA,NA,NA,NA,NA,NA,NA,NA,NA
ncbi,Culex_worontzowi,NA,NA,NA,NA,NA,NA,NA,NA,NA,NA,NA,NA,NA,NA
ncbi,Culex_davisi,NA,NA,NA,NA,NA,NA,NA,NA,NA,NA,NA,NA,NA,NA
ncbi,Runchomyia_frontosa,NA,NA,NA,NA,NA,NA,NA,NA,NA,NA,NA,NA,NA,NA
ncbi,Wyeomyia_pallidoventer,NA,NA,NA,NA,NA,NA,NA,NA,NA,NA,NA,NA,NA,NA
ncbi,Culex_daumasturus,NA,NA,NA,NA,NA,NA,NA,NA,NA,NA,NA,NA,NA,NA
ncbi,Wyeomyia_forcipenis,NA,NA,NA,NA,NA,NA,NA,NA,NA,NA,NA,NA,NA,NA
ncbi,Culex_siphanulatus,NA,NA,NA,NA,NA,NA,NA,NA,NA,NA,NA,NA,NA,NA
ncbi,Culex_carioca,NA,NA,NA,NA,NA,NA,NA,NA,NA,NA,NA,NA,NA,NA
ncbi,Culex_neglectus,NA,NA,NA,NA,NA,NA,NA,NA,NA,NA,NA,NA,NA,NA
ncbi,Culex_hedys,NA,NA,NA,NA,NA,NA,NA,NA,NA,NA,NA,NA,NA,NA
ncbi,Culicidae,NA,Metazoa,Arthropoda,Hexapoda,Insecta,Pterygota,NA,NA,Culicidae,NA,NA,NA,NA,NA
ncbi,Anopheles_bellator,NA,Metazoa,Arthropoda,Hexapoda,Insecta,Pterygota,NA,NA,Culicidae,Anophelinae,NA,Anopheles,Anopheles bellator,NA
ncbi,Limatus_durhami,NA,Metazoa,Arthropoda,Hexapoda,Insecta,Pterygota,NA,NA,Culicidae,Culicinae,Sabethini,Limatus,Limatus durhamii,NA
ncbi,Wyeomyia_edwardsi,NA,NA,NA,NA,NA,NA,NA,NA,NA,NA,NA,NA,NA,NA
ncbi,Wyeomyia_mulhensi,NA,NA,NA,NA,NA,NA,NA,NA,NA,NA,NA,NA,NA,NA
ncbi,Wyeomyia_theobaldi,NA,NA,NA,NA,NA,NA,NA,NA,NA,NA,NA,NA,NA,NA
ncbi,Aedes_albopictus,NA,Metazoa,Arthropoda,Hexapoda,Insecta,Pterygota,NA,NA,Culicidae,Culicinae,Aedini,Aedes,Aedes albopictus,NA
ncbi,Haemagogus,NA,Metazoa,Arthropoda,Hexapoda,Insecta,Pterygota,NA,NA,Culicidae,Culicinae,Aedini,Haemagogus,NA,NA
ncbi,Anopheles_kompii,NA,NA,NA,NA,NA,NA,NA,NA,NA,NA,NA,NA,NA,NA
ncbi,Anopheles_neivai,NA,Metazoa,Arthropoda,Hexapoda,Insecta,Pterygota,NA,NA,Culicidae,Anophelinae,NA,Anopheles,Anopheles neivai,NA
ncbi,Orthopodomyia,NA,Metazoa,Arthropoda,Hexapoda,Insecta,Pterygota,NA,NA,Culicidae,Culicinae,Orthopodmyiini,Orthopodomyia,NA,NA
ncbi,Wyeomyia_abebela,NA,NA,NA,NA,NA,NA,NA,NA,NA,NA,NA,NA,NA,NA
ncbi,Wyeomyia_circumcincta,NA,NA,NA,NA,NA,NA,NA,NA,NA,NA,NA,NA,NA,NA
ncbi,Wyeomyia_melanopus,NA,NA,NA,NA,NA,NA,NA,NA,NA,NA,NA,NA,NA,NA
ncbi,Elmidae,NA,Metazoa,Arthropoda,Hexapoda,Insecta,Pterygota,NA,NA,Elmidae,NA,NA,NA,NA,NA
ncbi,Wyeomyia_pseudopecten,NA,Metazoa,Arthropoda,Hexapoda,Insecta,Pterygota,NA,NA,Culicidae,Culicinae,Sabethini,Wyeomyia,Wyeomyia pseudopecten,NA
ncbi,Culex_daumastocampa,NA,NA,NA,NA,NA,NA,NA,NA,NA,NA,NA,NA,NA,NA
ncbi,Culex_jenningsi,NA,NA,NA,NA,NA,NA,NA,NA,NA,NA,NA,NA,NA,NA
ncbi,Culex_rejector,NA,Metazoa,Arthropoda,Hexapoda,Insecta,Pterygota,NA,NA,Culicidae,Culicinae,Culicini,Culex,Culex rejector,NA
ncbi,Wyeomyia_greyii,NA,NA,NA,NA,NA,NA,NA,NA,NA,NA,NA,NA,NA,NA
ncbi,Anophelinae,NA,Metazoa,Arthropoda,Hexapoda,Insecta,Pterygota,NA,NA,Culicidae,Anophelinae,NA,NA,NA,NA
ncbi,Toxorhynchites_purpureus,NA,NA,NA,NA,NA,NA,NA,NA,NA,NA,NA,NA,NA,NA
ncbi,Toxorhynchites_trichopygus,NA,NA,NA,NA,NA,NA,NA,NA,NA,NA,NA,NA,NA,NA
ncbi,Wyeomyia_splendida,NA,Metazoa,Arthropoda,Hexapoda,Insecta,Pterygota,NA,NA,Culicidae,Culicinae,Sabethini,Wyeomyia,Wyeomyia splendida,NA
ncbi,Wyeomyia_aphobema,NA,Metazoa,Arthropoda,Hexapoda,Insecta,Pterygota,NA,NA,Culicidae,Culicinae,Sabethini,Wyeomyia,Wyeomyia aphobema,NA
ncbi,Wyeomyia_forattinii,NA,Metazoa,Arthropoda,Hexapoda,Insecta,Pterygota,NA,NA,Culicidae,Culicinae,Sabethini,Wyeomyia,Wyeomyia forattinii,NA
ncbi,Aedes,NA,Metazoa,Arthropoda,Hexapoda,Insecta,Pterygota,NA,NA,Culicidae,Culicinae,Aedini,Aedes,NA,NA
ncbi,Hydrophilidae,NA,Metazoa,Arthropoda,Hexapoda,Insecta,Pterygota,NA,NA,Hydrophilidae,NA,NA,NA,NA,NA
ncbi,Toxorhynchites_portoricensis,NA,NA,NA,NA,NA,NA,NA,NA,NA,NA,NA,NA,NA,NA
ncbi,Culex_antillummagnorum,NA,NA,NA,NA,NA,NA,NA,NA,NA,NA,NA,NA,NA,NA
ncbi,Toxorhynchites_guadeloupensis,NA,Metazoa,Arthropoda,Hexapoda,Insecta,Pterygota,NA,NA,Culicidae,Toxorhynchitinae,NA,Toxorhynchites,Toxorhynchites guadeloupensis,NA
ncbi,Culex_bisulcatus,NA,NA,NA,NA,NA,NA,NA,NA,NA,NA,NA,NA,NA,NA
ncbi,Dolichopodidae,NA,Metazoa,Arthropoda,Hexapoda,Insecta,Pterygota,NA,NA,Dolichopodidae,NA,NA,NA,NA,NA
ncbi,Empididae,NA,Metazoa,Arthropoda,Hexapoda,Insecta,Pterygota,NA,NA,Empididae,NA,NA,NA,NA,NA
ncbi,Ephydridae,NA,Metazoa,Arthropoda,Hexapoda,Insecta,Pterygota,NA,NA,Ephydridae,NA,NA,NA,NA,NA
ncbi,Sphaeridiinae_adult,NA,NA,NA,NA,NA,NA,NA,NA,NA,NA,NA,NA,NA,NA
ncbi,Trentepohlia,NA,Metazoa,Arthropoda,Hexapoda,Insecta,Pterygota,NA,NA,Limoniidae,Limoniinae,NA,Trentepohlia,NA,NA
ncbi,Limoniinae,NA,Metazoa,Arthropoda,Hexapoda,Insecta,Pterygota,NA,NA,Limoniidae,Limoniinae,NA,NA,NA,NA
ncbi,Sphaeridiinae_larva,NA,NA,NA,NA,NA,NA,NA,NA,NA,NA,NA,NA,NA,NA
ncbi,Periscelididae,NA,Metazoa,Arthropoda,Hexapoda,Insecta,Pterygota,NA,NA,Periscelididae,NA,NA,NA,NA,NA
ncbi,Phoridae,NA,Metazoa,Arthropoda,Hexapoda,Insecta,Pterygota,NA,NA,Phoridae,NA,NA,NA,NA,NA
ncbi,Psychodidae,NA,Metazoa,Arthropoda,Hexapoda,Insecta,Pterygota,NA,NA,Psychodidae,NA,NA,NA,NA,NA
ncbi,Pericoma,NA,Metazoa,Arthropoda,Hexapoda,Insecta,Pterygota,NA,NA,Psychodidae,Psychodinae,NA,Pericoma,NA,NA
ncbi,Psychoda_romeroii,NA,NA,NA,NA,NA,NA,NA,NA,NA,NA,NA,NA,NA,NA
ncbi,Sphaerodinae,NA,NA,NA,NA,NA,NA,NA,NA,NA,NA,NA,NA,NA,NA
ncbi,Telmatoscopus,NA,Metazoa,Arthropoda,Hexapoda,Insecta,Pterygota,NA,NA,Psychodidae,Psychodinae,NA,Telmatoscopus,NA,NA
ncbi,Omicrus_ingens_adult,NA,NA,NA,NA,NA,NA,NA,NA,NA,NA,NA,NA,NA,NA
ncbi,Alepia_zavortinkii,NA,NA,NA,NA,NA,NA,NA,NA,NA,NA,NA,NA,NA,NA
ncbi,Alepia_apexalba,NA,NA,NA,NA,NA,NA,NA,NA,NA,NA,NA,NA,NA,NA
ncbi,Scatopsidae,NA,Metazoa,Arthropoda,Hexapoda,Insecta,Pterygota,NA,NA,Scatopsidae,NA,NA,NA,NA,NA
ncbi,Omicrus_ingens_larva,NA,NA,NA,NA,NA,NA,NA,NA,NA,NA,NA,NA,NA,NA
ncbi,Sphaeroceridae,NA,Metazoa,Arthropoda,Hexapoda,Insecta,Pterygota,NA,NA,Sphaeroceridae,NA,NA,NA,NA,NA
ncbi,Stratiomyidae,NA,Metazoa,Arthropoda,Hexapoda,Insecta,Pterygota,NA,NA,Stratiomyidae,NA,NA,NA,NA,NA
ncbi,Hermetia,NA,Metazoa,Arthropoda,Hexapoda,Insecta,Pterygota,NA,NA,Stratiomyidae,Hermetiinae,NA,Hermetia,NA,NA
ncbi,Copestylum,NA,Metazoa,Arthropoda,Hexapoda,Insecta,Pterygota,NA,NA,Syrphidae,Eristalinae,Volucellini,Copestylum,NA,NA
ncbi,Lejops_barbiellinii,NA,NA,NA,NA,NA,NA,NA,NA,NA,NA,NA,NA,NA,NA
ncbi,Meromacrus,NA,NA,NA,NA,NA,NA,NA,NA,NA,NA,NA,NA,NA,NA
ncbi,Syrphidae,NA,Metazoa,Arthropoda,Hexapoda,Insecta,Pterygota,NA,NA,Syrphidae,NA,NA,NA,NA,NA
ncbi,Eristalis,NA,Metazoa,Arthropoda,Hexapoda,Insecta,Pterygota,NA,NA,Syrphidae,Eristalinae,Eristalini,Eristalis,NA,NA
ncbi,Eristalinae,NA,Metazoa,Arthropoda,Hexapoda,Insecta,Pterygota,NA,NA,Syrphidae,Eristalinae,NA,NA,NA,NA
ncbi,Palpada,NA,Metazoa,Arthropoda,Hexapoda,Insecta,Pterygota,NA,NA,Syrphidae,Eristalinae,Eristalini,Palpada,NA,NA
ncbi,Quichuana,NA,NA,NA,NA,NA,NA,NA,NA,NA,NA,NA,NA,NA,NA
ncbi,Pipiza,NA,Metazoa,Arthropoda,Hexapoda,Insecta,Pterygota,NA,NA,Syrphidae,Syrphinae,Pipizini,Pipiza,NA,NA
ncbi,Xilota,NA,NA,NA,NA,NA,NA,NA,NA,NA,NA,NA,NA,NA,NA
ncbi,Lampyridae,NA,Metazoa,Arthropoda,Hexapoda,Insecta,Pterygota,NA,NA,Lampyridae,NA,NA,NA,NA,NA
ncbi,Tabanidae,NA,Metazoa,Arthropoda,Hexapoda,Insecta,Pterygota,NA,NA,Tabanidae,NA,NA,NA,NA,NA
ncbi,Fidena_rufopilosa,NA,NA,NA,NA,NA,NA,NA,NA,NA,NA,NA,NA,NA,NA
ncbi,Stibasoma_bicolor,NA,NA,NA,NA,NA,NA,NA,NA,NA,NA,NA,NA,NA,NA
ncbi,Leucotabanus,NA,Metazoa,Arthropoda,Hexapoda,Insecta,Pterygota,NA,NA,Tabanidae,Tabaninae,Diachlorini,Leucotabanus,NA,NA
ncbi,Stibasoma_fulvohirtum,NA,NA,NA,NA,NA,NA,NA,NA,NA,NA,NA,NA,NA,NA
ncbi,Ptilodactylidae,NA,Metazoa,Arthropoda,Hexapoda,Insecta,Pterygota,NA,NA,Ptilodactylidae,NA,NA,NA,NA,NA
ncbi,Thaumaleidae,NA,Metazoa,Arthropoda,Hexapoda,Insecta,Pterygota,NA,NA,Thaumaleidae,NA,NA,NA,NA,NA
ncbi,Cheilotrichia,NA,Metazoa,Arthropoda,Hexapoda,Insecta,Pterygota,NA,NA,Limoniidae,Chioneinae,NA,Cheilotrichia,NA,NA
ncbi,Tipulidae,NA,Metazoa,Arthropoda,Hexapoda,Insecta,Pterygota,NA,NA,Tipulidae,NA,NA,NA,NA,NA
ncbi,Tipula,NA,Metazoa,Arthropoda,Hexapoda,Insecta,Pterygota,NA,NA,Tipulidae,Tipulinae,NA,Tipula,NA,NA
ncbi,Ormosia,NA,Metazoa,Arthropoda,Hexapoda,Insecta,Pterygota,NA,NA,Limoniidae,Limoniinae,NA,Ormosia,NA,NA
ncbi,Rhabdomastrix,NA,NA,NA,NA,NA,NA,NA,NA,NA,NA,NA,NA,NA,NA
ncbi,Brachypremna,NA,Metazoa,Arthropoda,Hexapoda,Insecta,Pterygota,NA,NA,Tipulidae,Tipulinae,NA,Brachypremna,NA,NA
ncbi,Tipulinae,NA,Metazoa,Arthropoda,Hexapoda,Insecta,Pterygota,NA,NA,Tipulidae,Tipulinae,NA,NA,NA,NA
ncbi,Ctenophorinae,NA,Metazoa,Arthropoda,Hexapoda,Insecta,Pterygota,NA,NA,Tipulidae,Ctenophorinae,NA,NA,NA,NA
ncbi,Scirtes,NA,Metazoa,Arthropoda,Hexapoda,Insecta,Pterygota,NA,NA,Scirtidae,NA,NA,Scirtes,NA,NA
ncbi,Hexatominae,NA,Metazoa,Arthropoda,Hexapoda,Insecta,Pterygota,NA,NA,Limoniidae,Hexatominae,NA,NA,NA,NA
ncbi,Limonia,NA,Metazoa,Arthropoda,Hexapoda,Insecta,Pterygota,NA,NA,Limoniidae,Limoniinae,NA,Limonia,NA,NA
ncbi,Trentepohlia_dominicana,NA,NA,NA,NA,NA,NA,NA,NA,NA,NA,NA,NA,NA,NA
ncbi,Limoniidae,NA,Metazoa,Arthropoda,Hexapoda,Insecta,Pterygota,NA,NA,Limoniidae,NA,NA,NA,NA,NA
ncbi,Nematocera,NA,Metazoa,Arthropoda,Hexapoda,Insecta,Pterygota,NA,NA,NA,NA,NA,NA,NA,NA
ncbi,Ocyptamus,NA,Metazoa,Arthropoda,Hexapoda,Insecta,Pterygota,NA,NA,Syrphidae,Syrphinae,Syrphini,Ocyptamus,NA,NA
ncbi,Scirtidae,NA,Metazoa,Arthropoda,Hexapoda,Insecta,Pterygota,NA,NA,Scirtidae,NA,NA,NA,NA,NA
ncbi,Aulacigaster,NA,Metazoa,Arthropoda,Hexapoda,Insecta,Pterygota,NA,NA,Aulacigastridae,NA,NA,Aulacigaster,NA,NA
ncbi,Naididae,NA,Metazoa,Annelida,NA,Clitellata,Oligochaeta,NA,NA,Naididae,NA,NA,NA,NA,NA
ncbi,Veliidae,NA,Metazoa,Arthropoda,Hexapoda,Insecta,Pterygota,NA,NA,Veliidae,NA,NA,NA,NA,NA
ncbi,Gerridae,NA,Metazoa,Arthropoda,Hexapoda,Insecta,Pterygota,NA,NA,Gerridae,NA,NA,NA,NA,NA
ncbi,Mesoveliidae,NA,Metazoa,Arthropoda,Hexapoda,Insecta,Pterygota,NA,NA,Mesoveliidae,NA,NA,NA,NA,NA
ncbi,Microvelia,NA,Metazoa,Arthropoda,Hexapoda,Insecta,Pterygota,NA,NA,Veliidae,Microveliinae,NA,Microvelia,NA,NA
ncbi,Hirudinea,NA,Metazoa,Annelida,NA,Clitellata,Hirudinea,NA,NA,NA,NA,NA,NA,NA,NA
ncbi,Lepidoptera,NA,Metazoa,Arthropoda,Hexapoda,Insecta,Pterygota,NA,NA,NA,NA,NA,NA,NA,NA
ncbi,Oreiallagma oreas,NA,NA,NA,NA,NA,NA,NA,NA,NA,NA,NA,NA,NA,NA
ncbi,Coenagrionidae,NA,Metazoa,Arthropoda,Hexapoda,Insecta,Pterygota,NA,NA,Coenagrionidae,NA,NA,NA,NA,NA
ncbi,Leptagrion_andromache,NA,Metazoa,Arthropoda,Hexapoda,Insecta,Pterygota,NA,NA,Coenagrionidae,NA,NA,Leptagrion,Leptagrion andromache,NA
ncbi,Leptagrion_bocainense,NA,NA,NA,NA,NA,NA,NA,NA,NA,NA,NA,NA,NA,NA
ncbi,Leptagrion_elongatum,NA,Metazoa,Arthropoda,Hexapoda,Insecta,Pterygota,NA,NA,Coenagrionidae,NA,NA,Leptagrion,Leptagrion elongatum,NA
ncbi,Zygoptera,NA,Metazoa,Arthropoda,Hexapoda,Insecta,Pterygota,NA,NA,NA,NA,NA,NA,NA,NA
ncbi,Mecistogaster_modesta,NA,Metazoa,Arthropoda,Hexapoda,Insecta,Pterygota,NA,NA,Pseudostigmatidae,NA,NA,Mecistogaster,Mecistogaster modesta,NA
ncbi,Oligochaeta,NA,Metazoa,Annelida,NA,Clitellata,Oligochaeta,NA,NA,NA,NA,NA,NA,NA,NA
ncbi,Aelosoma,NA,NA,NA,NA,NA,NA,NA,NA,NA,NA,NA,NA,NA,NA
ncbi,Enchytraeoidae,NA,NA,NA,NA,NA,NA,NA,NA,NA,NA,NA,NA,NA,NA
ncbi,Dero,NA,Metazoa,Annelida,NA,Clitellata,Oligochaeta,NA,NA,Naididae,Naidinae,NA,Dero,NA,NA
ncbi,Dero_superterrenus,NA,Metazoa,Annelida,NA,Clitellata,Oligochaeta,NA,NA,Naididae,Naidinae,NA,Dero,Dero superterrenus,NA
ncbi,Aulophorus_superterrenus,NA,NA,NA,NA,NA,NA,NA,NA,NA,NA,NA,NA,NA,NA
ncbi,Pristina,NA,Metazoa,Annelida,NA,Clitellata,Oligochaeta,NA,NA,Naididae,Naidinae,NA,Pristina,NA,NA
ncbi,Pristina_osborni,NA,Metazoa,Annelida,NA,Clitellata,Oligochaeta,NA,NA,Naididae,Naidinae,NA,Pristina,Pristina osborni,NA
ncbi,Latinopsis,NA,NA,NA,NA,NA,NA,NA,NA,NA,NA,NA,NA,NA,NA
ncbi,Candonopsis_kingsleyi,NA,NA,NA,NA,NA,NA,NA,NA,NA,NA,NA,NA,NA,NA
ncbi,Callistocypris_mckenziei,NA,NA,NA,NA,NA,NA,NA,NA,NA,NA,NA,NA,NA,NA
ncbi,Elpidium_bromeliarum,NA,NA,NA,NA,NA,NA,NA,NA,NA,NA,NA,NA,NA,NA
ncbi,Elpidium_maracaoensis,NA,NA,NA,NA,NA,NA,NA,NA,NA,NA,NA,NA,NA,NA
ncbi,Elpidium,NA,NA,NA,NA,NA,NA,NA,NA,NA,NA,NA,NA,NA,NA
ncbi,Platyhelminthes,NA,Metazoa,Platyhelminthes,NA,NA,NA,NA,NA,NA,NA,NA,NA,NA,NA
ncbi,Turbellaria,NA,Metazoa,Platyhelminthes,NA,Turbellaria,NA,NA,NA,NA,NA,NA,NA,NA,NA
ncbi,Planorbidae,NA,Metazoa,Mollusca,NA,Gastropoda,Heterobranchia,NA,NA,Planorbidae,NA,NA,NA,NA,NA
ncbi,Phylloicus_bromeliarum,NA,Metazoa,Arthropoda,Hexapoda,Insecta,Pterygota,NA,NA,Calamoceratidae,Calamoceratinae,NA,Phylloicus,Phylloicus bromeliarum,NA
ncbi,NA,NA,NA,NA,NA,NA,NA,NA,NA,NA,NA,NA,NA,NA,NA
ncbi,Leptagrion_macrurum,NA,NA,NA,NA,NA,NA,NA,NA,NA,NA,NA,NA,NA,NA
ncbi,Trichoptera,NA,Metazoa,Arthropoda,Hexapoda,Insecta,Pterygota,NA,NA,NA,NA,NA,NA,NA,NA
ncbi,Contacyphon,NA,Metazoa,Arthropoda,Hexapoda,Insecta,Pterygota,NA,NA,Scirtidae,NA,NA,Contacyphon,NA,NA
ncbi,Dasyheleniae,NA,NA,NA,NA,NA,NA,NA,NA,NA,NA,NA,NA,NA,NA
ncbi,Annelida,NA,Metazoa,Annelida,NA,NA,NA,NA,NA,NA,NA,NA,NA,NA,NA
ncbi,Wyeomyia_edwardsi_or_mulhensi_or_theobaldi,NA,NA,NA,NA,NA,NA,NA,NA,NA,NA,NA,NA,NA,NA
ncbi,Leptagrion_bocainense_or_macrurum,NA,NA,NA,NA,NA,NA,NA,NA,NA,NA,NA,NA,NA,NA
ncbi,Culicinae,NA,Metazoa,Arthropoda,Hexapoda,Insecta,Pterygota,NA,NA,Culicidae,Culicinae,NA,NA,NA,NA
ncbi,Chironominae_or_Tanypodinae,NA,NA,NA,NA,NA,NA,NA,NA,NA,NA,NA,NA,NA,NA
ncbi,Wyeomyia_abebela_or_ccircumcincta_or_melanopus,NA,NA,NA,NA,NA,NA,NA,NA,NA,NA,NA,NA,NA,NA
ncbi,Culex_daumastocampa_or_jenningsi_or_rejector,NA,NA,NA,NA,NA,NA,NA,NA,NA,NA,NA,NA,NA,NA
ncbi,Anopheles_or_Wyeomia_or_Culex,NA,NA,NA,NA,NA,NA,NA,NA,NA,NA,NA,NA,NA,NA
ncbi,Podonominae,NA,Metazoa,Arthropoda,Hexapoda,Insecta,Pterygota,NA,NA,Chironomidae,Podonominae,NA,NA,NA,NA
ncbi,Fidena,NA,Metazoa,Arthropoda,Hexapoda,Insecta,Pterygota,NA,NA,Tabanidae,Pangoniinae,Scioniini,Fidena,NA,NA
ncbi,Chironomini,NA,Metazoa,Arthropoda,Hexapoda,Insecta,Pterygota,NA,NA,Chironomidae,Chironominae,Chironomini,NA,NA,NA
ncbi,Tanytarsini,NA,Metazoa,Arthropoda,Hexapoda,Insecta,Pterygota,NA,NA,Chironomidae,Chironominae,Tanytarsini,NA,NA,NA
ncbi,Heteroptera,NA,Metazoa,Arthropoda,Hexapoda,Insecta,Pterygota,NA,NA,NA,NA,NA,NA,NA,NA
ncbi,Toxorhynchites_haemorroidalis,NA,NA,NA,NA,NA,NA,NA,NA,NA,NA,NA,NA,NA,NA
ncbi,Dasyhelea,NA,Metazoa,Arthropoda,Hexapoda,Insecta,Pterygota,NA,NA,Ceratopogonidae,Dasyheleinae,NA,Dasyhelea,NA,NA
ncbi,Leptagrion,NA,Metazoa,Arthropoda,Hexapoda,Insecta,Pterygota,NA,NA,Coenagrionidae,NA,NA,Leptagrion,NA,NA
ncbi,Wyeomyia_mitchellii,NA,Metazoa,Arthropoda,Hexapoda,Insecta,Pterygota,NA,NA,Culicidae,Culicinae,Sabethini,Wyeomyia,Wyeomyia mitchellii,NA
ncbi,Toxorhynchites_theobaldi,NA,Metazoa,Arthropoda,Hexapoda,Insecta,Pterygota,NA,NA,Culicidae,Toxorhynchitinae,NA,Toxorhynchites,Toxorhynchites theobaldi,NA
ncbi,Limoniini,NA,NA,NA,NA,NA,NA,NA,NA,NA,NA,NA,NA,NA,NA
ncbi,Curculionidae,NA,Metazoa,Arthropoda,Hexapoda,Insecta,Pterygota,NA,NA,Curculionidae,NA,NA,NA,NA,NA
ncbi,Copelatus,NA,Metazoa,Arthropoda,Hexapoda,Insecta,Pterygota,NA,NA,Dytiscidae,Copelatinae,NA,Copelatus,NA,NA
ncbi,Elateridae,NA,Metazoa,Arthropoda,Hexapoda,Insecta,Pterygota,NA,NA,Elateridae,NA,NA,NA,NA,NA
ncbi,Muscidae,NA,Metazoa,Arthropoda,Hexapoda,Insecta,Pterygota,NA,NA,Muscidae,NA,NA,NA,NA,NA
ncbi,Sarchophagidae,NA,NA,NA,NA,NA,NA,NA,NA,NA,NA,NA,NA,NA,NA
ncbi,Ephemeroptera,NA,Metazoa,Arthropoda,Hexapoda,Insecta,Pterygota,NA,NA,NA,NA,NA,NA,NA,NA
ncbi,Megaloptera,NA,Metazoa,Arthropoda,Hexapoda,Insecta,Pterygota,NA,NA,NA,NA,NA,NA,NA,NA
ncbi,Nematoda,NA,Metazoa,Nematoda,NA,NA,NA,NA,NA,NA,NA,NA,NA,NA,NA
ncbi,Nematomorpha,NA,Metazoa,Nematomorpha,NA,NA,NA,NA,NA,NA,NA,NA,NA,NA,NA
ncbi,Eutrigaster,NA,NA,NA,NA,NA,NA,NA,NA,NA,NA,NA,NA,NA,NA
ncbi,Lumbricidae,NA,Metazoa,Annelida,NA,Clitellata,Oligochaeta,NA,NA,Lumbricidae,NA,NA,NA,NA,NA
ncbi,Neotrigaster_complutensis,NA,NA,NA,NA,NA,NA,NA,NA,NA,NA,NA,NA,NA,NA
ncbi,Trigaster_yukiyui,NA,NA,NA,NA,NA,NA,NA,NA,NA,NA,NA,NA,NA,NA
ncbi,Dipropus,NA,NA,NA,NA,NA,NA,NA,NA,NA,NA,NA,NA,NA,NA
ncbi,Dixidae,NA,Metazoa,Arthropoda,Hexapoda,Insecta,Pterygota,NA,NA,Dixidae,NA,NA,NA,NA,NA
ncbi,Helobdella,NA,Metazoa,Annelida,NA,Clitellata,Hirudinea,NA,NA,Glossiphoniidae,NA,NA,Helobdella,NA,NA
